rank,cupituber,subscribers,video_views,video_count,category,started,country,monetization_type,description;
1,T-Series,222000000,198459090822,17317,Music,2006-11-15,India,AdSense,bEST UnBOxInG ViDEos!;
2,YouTube Movies(,154000000,0,0,Film & Animation,2015-08-18,USA,Super Chat,A gREAT pLACE To wAtCh FIlmS.;
3,Cocomelon - Nursery Rhymes,140000000,135481339848,786,Education,2006-11-25,USA,Super Chat,bEST UnBOxInG ViDEos!;
4,SET India,139000000,125764252686,91271,Shows,2006-11-17,India,AdSense,aMAZING trAvel vlogs wOrldWide!;
5,@PewDiePie,111000000,28469458228,4497,Gaming,2010-06-03,Sweden,Sponsorship,yOU woN'T beLieve tHEse prankS!;
6,Mr*Beast,102000000,16832456681,726,Entertainment,2012-08-10,USA,Membership,bEST UnBOxInG ViDEos!;
7,Kids Diana Show,99700000,79602288245,1009,People & Blogs,2015-03-17,Ukraine,Membership,MaSTERing HTML and CSS foR YoUR WebSiTE!;
8,Like Nastya,99200000,81963845811,702,People & Blogs,2016-03-12,Russia,Crowdfunding,uNderground Hip-Hop and Music trends!;
9,WWE,90200000,70544743313,63077,Sports,2007-07-26,USA,AdSense,THe RiSe of HTML AnD CSS IN ModeRN deSiGN!;
10,Zee Music Company,86700000,49067711243,6603,Music,2014-12-07,India,Merchandising,wEird fActs aND ExPERiments!;
11,Vlad ^and Niki,85100000,66498762660,472,Entertainment,2018-12-12,Russia,Crowdfunding,NexT-GEn AI breAkThroughS ShaPINg oUr World!;
12,5-Minut;e Crafts,77100000,23881457195,5581,Howto & Style,2016-08-22,Cyprus,Crowdfunding,THe RiSe of HTML AnD CSS IN ModeRN deSiGN!
13,BLACKPINK,76200000,24707415704,397,People & Blogs,2016-01-18,South Korea,Sponsorship,InSIDeR lOOk at a VIP YouTube CreatOR!;
14,Goldmines*,74100000,18533088438,3968,Film & Animation,2012-08-25,India,Crowdfunding,bEST UnBOxInG ViDEos!;
15,Sony SAB,70600000,82473581441,56295,Shows,2007-10-13,India,Super Chat,LiVe sTREams aBout gAming!;
16,BANGTANTV,70000000,17471090750,1787,Music,2012-07-28,South Korea,Membership,InSIDeR lOOk at a VIP YouTube CreatOR!;
17,J ustin Bieber,69700000,28567240999,247,Music,2007-02-05,Canada,AdSense,fOLLow for daiLY VLOGS!;
18,HYBE LA BELS,67800000,24013849120,971,Music,2008-01-14,Brazil,Sponsorship,TeCH REVIEWS and more!;
19,Canal KondZilla,65900000,36576704790,2313,Music,2012-12-07,India,Crowdfunding,MaSTERing HTML and CSS foR YoUR WebSiTE!;
20,Z?ee TV,63000000,17111576122,60802,Entertainment,2005-05-24,India,Membership,eXpLoRINg the WonDERs of AI AnD NASA!;
22,YUYU TV,63000000,17111576122,60802,Entertainment,2005-05-24,India,Membership,eXpLoRINg the WonDERs of AI AnD NASA!;
