A�o,(Todas)
Mes,(Todas)
dia,(Todas)
,
Etiquetas de fila, Suma de video_views 
Autos & Vehicles," 6,530,946,230 "
Comedy," 329,552,696,633 "
Education," 597,612,585,217 "
Entertainment," 2,065,614,675,162 "
Film & Animation," 492,007,180,389 "
Gaming," 666,609,775,197 "
Howto & Style," 187,329,391,542 "
Movies," 12,839,091,539 "
Music," 2,906,210,355,935 "
News & Politics," 240,950,534,839 "
Nonprofits & Activism," 8,542,547,810 "
People & Blogs," 902,223,827,281 "
Pets & Animals," 41,101,323,353 "
Science & Technology," 61,327,847,554 "
Shows," 383,341,349,652 "
Sports," 120,397,093,342 "
Trailers," 30,507,515,438 "
Travel & Events," 2,746,045,885 "
Total general," 9,055,444,782,998 "
,
